rmse_m,rmse_weighted_m,mean_error_m,max_error_m,n_matched,eph_median_m,eph_max_m
9.922463981929482,9.349290704489437,9.090892660885597,18.069609067346686,6008,0.6583682,11.601371
