rmse_m,rmse_weighted_m,mean_error_m,max_error_m,n_matched,eph_median_m,eph_max_m
6.272508522383027,5.663629145029331,5.6108081180192215,11.416736810639296,6724,0.63967884,3.4373844
